Column1,Customer Name,Date,Reviews,คอลัมน์1,หัวข้อ
1,ชัยวัฒน์, - 7/30/2022 20:04:03,"ขึ้นสถานะส่งสินค้าเรียบร้อย
ถามหน่อยนะมึงไปส่งให้ใครเพราะกูยังไม่ได้รับของเลยการทำงานบริการแบบยังจะมีคนไปใช้บริการอีกหรอครับถ้าจะให้ส่งสินค้าแบบนี้ไม่ต่างจากการหลอกลวงประชาชนที่ไปใช้บริการในเมื่อไม่พร้อมให้บริการก็ปิดตัวเถอะครับเพราะสินค้าเขาส่งเสียเงินกันไม่ได้ส่งฟรีนะผมจะเอาเรื่องฝห้ถึงที่สุดนะครับเพราะผมยังไม่ได้รับพัสดุแต่ทางไปรษณีย์ได้ลงสถานะว่าจำจ่ายสำเร็จซื้งส่งสินด้วยไม่มีผู้เซ็นรับและปิดงานด้วยไม่มีรับเพราะผมไม่ได้รับพัสดุเลยซักชิ้นแบบนี้ไม่ต่างมิจฉาชีพนะเฟรดดีเลแบบนี้ต้องทำไงครับ",neg,การบริการ
3,เอกสุพรรณบุรี, - 7/27/2022 8:14:17,เช็คพัสดุส่งวันที่25/7/65วันที่27/7/65เข้าไปเช็คอีกยังอยู่ที่เดิม สงสัยรอน้ำมันลงอยู่มั้ง,neg,การบริการ
4,อนุชา, - 7/23/2022 18:30:26,"เบอร์โทรอยู่หน้ากล่องตั้ง2เบอร์ไม่โทรหา
แล้วลงสถานะส่งไม่สำเร็จ คนรับเป็นคนเสียค่าส่งเองด้วย ควรบริการให้ดีกว่านี้",neg,การบริการ
24,ติดต่อกลับได้นะ ไม่บอก.ส่งของก่อไม่ถึง.แล้วก้อไห้เราติดตามเอาเองบ้่, - 11/8/2021 10:32:21,ไม่ดีที่สุดตังแต่ผมส่งของมาไม่มีที่ไหนแย่เท่าไปรษณีย์ไทยแล้ว สาขา.รามคำแหง182. ส่งของแบบบ้าๆๆส่งของไปไม่ถึงแต่ไม่มีไครรับของ.บอกว่ามีคนรับเเล้ว.ไห้เราไปตามเอาของเองมึงบ้าติ.,neg,การบริการ
60,เบญจมาศกมลชิด, - 9/5/2021 10:32:59,เข้าใจสถานการณ์นะว่าช่วงนี้ขนส่งงานเยอะ แต่เบอร์โทรสำนักงานควรจะติดต่อได้ มีผู้รับสายเพื่อผู้รับจะไปติดต่อรับพัสดุที่ไปรษณีย์เอง แต่ติดต่อไม่ได้ไม่มีผู้รับสายเลย มีแต่เสียงตอบรับอัตโมัติและก็ตัดสายไป #ปณ.จตุจักร,neg,การบริการ
77,สาวิตรี, - 9/3/2021 21:30:15,ห่วยแตกค่ะ,neg,การบริการ
174,ไม่จำเป็น, - 8/26/2021 11:45:47,ระบบบริการแย่มากๆๆๆๆๆๆๆๆๆๆๆๆ ตรวจสอบพัสดุถึง ศป.ลำพูนตั้งแต่ 19/08/64 จนวันนี้ 26/08/64 ก็ยังไม่ได้รับพัสดุ ติดต่อไม่ได้ไม่หือไม่อือ โทรไม่ติด อะไรสักอย่าง พนง.น้อย หรือตายกลางอากาศคะ บริการช้าเกินกว่ากำหนดแบบนี้ อยากให้ใส่ใจกับการทำงานกันด้วยนะคะ ไม่พร้อมทำงานหรือให้บริการอย่าทำ เสียดายต้องมารอ,neg,การบริการ
214,นายณัฐ?พล? , - 8/21/2021 11:58:55,ควรปรับปรุง?,neg,การบริการ
216,พระอาท, - 8/21/2021 10:52:38,ทำไมไม่โทรหาที่จะส่งก่อน,neg,การบริการ
239,ขอบคุณ, - 8/18/2021 12:47:21,โทรตามพัสดุทางไปรษณีย์ไทยหาดใหญ่ติดยากมาก,neg,การบริการ
335,มโนปา , - 8/9/2021 14:08:21,แย่,neg,การบริการ
341,ไม่ใส่, - 8/9/2021 9:32:14,โทรเช็คพัสดุเมื่อเช้าบอกยังไม่เปิดให้บริการเปิด08:00 โทรอีกที09:30 คือโทรไม่ติดเฉยเลยคือไร งงกับบริการไปรษณีย์,neg,การบริการ
347,ธรรมนูญ, - 8/6/2021 17:05:57,ห่วยแตก ถ้าให้0ดาวได้จะดีมาก,neg,การบริการ
354,ณัฐพล หิรัญวงษ์, - 8/6/2021 9:55:23,ติดต่อสอบถามยากมาก,neg,การบริการ
378,คนมหาเฮง, - 8/4/2021 17:03:16,ควรพัฒนา,neg,การบริการ
424,สุนิสา, - 8/1/2021 9:07:32,ยังไม่ได้รับของ,neg,การบริการ
428,ยังไม่ได้รับ, - 7/31/2021 22:56:26,ยังไม่ได้รับ,neg,การบริการ
447,เนตรนภา, - 7/30/2021 15:44:09,ติดตามของก็ช้า ของติดเป็นอาทิตย์ยังไม่ถึงลูกค้าเลยจ้า,neg,การบริการ
566,ตาช, - 7/18/2021 12:10:44,แย่มาก,neg,การบริการ
601,ขนิษฐา, - 7/16/2021 11:01:47,โทรไม่รับ ไม่มีของส่ง emsควรได้ภายใน1-2 วัน,neg,การบริการ
650,เค, - 7/14/2021 12:34:41,ห่วย,neg,การบริการ
687,xxxx, - 7/12/2021 10:02:07,ไม่เคยโทรหาลูกค้า,neg,การบริการ
705,รวีวรรณ, - 7/9/2021 15:00:32,แย่มากค่ะ ส่งผลไม้ถึงช้าขนาดนี้คงเน่าก่อนมั้งค่ะตรวจสอบไม่ได้โทรไปไม่รับสายบริการแย่นะค่ะ,neg,การบริการ
711,-, - 7/9/2021 11:13:37,บริการล่าช้า,neg,การบริการ
11,??, - 6/24/2022 13:29:10,อยู่นครราชสีมาเเต่ไปส่งสงขลา ส่งให้ใครก็ไม่รู้ตอนนี้ก็ยังไม่ได้รับของ,neg,ความปลอดภัยพัสดุ
14,Onthida, - 6/4/2022 9:43:50,ของหาย!!! มาส่งของแต่ไม่โทรหาผู้รับ แต่สถานะขึ้นว่าส่งแล้ว ทั้งที่ยังไม่ได้เซ็นรับของ แย่มาก ทำงานแบบส่งๆ,neg,ความปลอดภัยพัสดุ
15,555, - 5/30/2022 14:51:05,ยังไม่ได้รับของนะคะ เอาของไปส่งให้ใคร,neg,ความปลอดภัยพัสดุ
16,จิราวรรณ เถียรสูงเนิน, - 2/25/2022 15:09:49,7 วันแล้วยังไม่ได้ของเลย ติดต่อจากไหนได้บ้าง เอกสารสำคัญค่ะ  ไม่มีพนักงานโทรมาสอบถามอะไรเลย แล้วแบบนี้จะติดต่อคนส่งของยังงัย เช้คพัสดุ บอกว่า  นำจ่ายไม่สำเร็จ บอกบ้านปิดแล้วทำไมไม่โทมาคะ ที่จัดส่งเป็นอพาทเม้นค่ะ ทำไมไม่โทรหาคะ  เอกสารสำคัญค่ะ,neg,ความปลอดภัยพัสดุ
42,บุษบา, - 9/7/2021 7:05:23,กล่องบุบ,neg,ความปลอดภัยพัสดุ
167,ธนัชชา, - 8/26/2021 15:15:13,ไม่ได้รับของเป็นเช็คด้วยใครรับก็ไม่รู้ส่งมั่วไปไหน เช็คตั้งแต่เดือนเมษายน จนมีข้อความมาให้เอาเช็คเข้าบัญชีถึงรู้ว่ามีจดหมายมา,neg,ความปลอดภัยพัสดุ
176,ธนกฤต สนามพล, - 8/26/2021 11:14:45,ของพังชิบหายหมด สาขาบางละมุงไป กทม หนองจอกเมื่อวายขนาดมีป้ายบอกต้นไม้,neg,ความปลอดภัยพัสดุ
178,นายอรรณพ ชูภักตร์, - 8/26/2021 8:52:22,ไม่แนนอนว่าถึงวันไหน บางครั้งของเสียหาย,neg,ความปลอดภัยพัสดุ
471,วรรณี, - 7/28/2021 10:40:36,ส่งของไม่ได้ครบ,neg,ความปลอดภัยพัสดุ
491,ดวง, - 7/26/2021 15:59:25,ของมักเสียหาย แตกบ่อย ปรับปรุงการส่ง,neg,ความปลอดภัยพัสดุ
585,อัมรินทร์ มั่นคง, - 7/16/2021 15:14:04,ส่งของไปเเต่ทางบ้านไม่ได้รับของเเต่บอกว่าของส่งสำเสร็จเเล้วคุณจะรับผิดชอบยังไร,neg,ความปลอดภัยพัสดุ
18,เขมจิรา  คุ้มศา, - 2/8/2022 10:55:59,เจ้าหน้าที่บางคนพูดจาด้วยน้ำเสียงไม่ดี,neg,พนักงาน
129,น้ำค้าง, - 8/28/2021 19:11:36,ไม่พอใจนะคะ มาส่งของเเล้วบอกบ้านปิด มือถือก็ไม่โทรบอกเเล้วบ้านก็มีคนอยู่ตลอด มาบอกบ้านปิด เอกสารอะไรก็ไม่ได้เเจ้งไว้ว่าให้ไปรับของที่ไหน งง กับการบริการในครั้งนี้มากๆค่ะ,neg,พนักงาน
379,เม, - 8/4/2021 16:28:23,ไปรษณีย์บางละมุง ห่วยแตกมากคะ ไปส่งของที่ไม่ใช่คนเป็นเจ้าของ ให้คนอื่นยิมยอมเซ็นมั่วๆใช้ไม่ได้ ดีที่กูเอ๊ะใจเลยเดินไปถามถึงได้ของ ดีที่เค้ายังไม่แกะ เพราะของข้างในมันมูลค่า ถ้าเป็นอื่นแม่งคงเอาไปแล้ว แล้วใครแม่งจะรับผิดชอบ โทรไปถามทางไปรษณีย์ยังจะมีหน้าบอกให้กูเดินไปถามยัง มันเป็นน่าที่รับผิดชอบมึงไม่ใช่หรอ สัส พาขึ้น,neg,พนักงาน
574,ศิรัฐชนากร, - 7/17/2021 15:30:47,ส่งของไม่โทรแจ้งคนรับแล้วจะไปรู้ชาติไหนว่าของมาแล้ว,neg,พนักงาน
9,คมสันชัย สุขพิพัฒน์มงคล, - 6/28/2022 21:23:50,ค้นหาพัสดุ ไม่ได้ แย่ครับ,neg,ระบบ
17,เดชา ภูทัดดวง, - 2/23/2022 0:14:51,ยังไม่ได้รับของ ระบบแจ้งนำจ่ายสำเร็จ คือใครรับ(ไม่เข้าใจ),neg,ระบบ
19,ประยุทธ์?เองไม่ไช้ไครอื่น, - 1/3/2022 16:41:57,RR009216171TH  ส่งไปเกือบเดือนปลายทางมาเลเซีย?ยังไม่ถึงเลยที่อยู่?ถูก?ต่องทุกอย่างตรวจสอบก็ไม่ได้,neg,ระบบ
21,อภิศรากรณ์, - 12/22/2021 13:56:07,ขึ้น นำจ่ายไม่สำเร็จ รอของมาสองวันแล้ว,neg,ระบบ
22,ศุภณัฐแสงสิน, - 12/20/2021 13:20:36,นำจ่ายไม่สำเร็จคืออ้ะไรครับ,neg,ระบบ
30,ไม่มีอะไรขึ้นมาเลย, - 9/10/2021 14:53:03,เช็คเลขอะไรก็ไม่ได้สักอย่าง,neg,ระบบ
36,นูรอัยนี ภูผา, - 9/7/2021 14:41:48,ไม่ค่อยอัพเดตเลย,neg,ระบบ
55,ไม่เอ่ยนาม, - 9/5/2021 15:34:37,เวลาเช็คสถานะคือไม่อัพเดทเลยมันทำให้ต่างจากบริษัทอื่นอะค่ะ ที่เขาอัพเดทตลอดเวลา อย่างน้อยก็ควรทำตรงนี้ให้ดีขึ้นนะคะ ส่วนคนส่งหลายๆคนชอบโยนของเข้าบ้านค่ะ รบกวนอบรมหน่อยนะคะ สินค้าอาจชำรุดได้,neg,ระบบ
82,ชนัญชิดา, - 9/3/2021 13:26:04,เช็คเลขของไม่ได้ ควรเช้คได้ทุกบริการนะคะ,neg,ระบบ
83,นายกร, - 9/3/2021 11:32:19,ระบบไม่ดี,neg,ระบบ
92,นัฐพงศ์, - 9/2/2021 18:00:54,ข้อมูลไม่ค่อยขึ้น,neg,ระบบ
93,จรีรัตน์, - 9/2/2021 15:43:13,ยุ่งยาก,neg,ระบบ
106,กันตา, - 9/1/2021 10:20:16,เวลาเช็คพัสดุบางชิ้นไปรษณีย์ไม่ค่อยอัพเดทและมาส่งไม่ตรงเวลาที่กำหนดไว้,neg,ระบบ
107,โจ้, - 9/1/2021 8:31:12,งง รับฝากมา 3 วันแล้ว ส่งเถอะ,neg,ระบบ
118,ศิริพร คำเขียว, - 8/30/2021 10:22:38,เช็คพัสดุไม่ได้คะ,neg,ระบบ
139,วราภรณ์, - 8/28/2021 5:15:32,เข้าระบบช้า,neg,ระบบ
163,Non, - 8/27/2021 7:45:18,คือจะส่งมั้ยของเช็คพัสดุก็เช็คไม่ได้เอาเข้าระบบได้ละตั้งแต่เมื่อวานแล้วเสียตังส่งนะไม่ได้ส่งฟรีควรไวกว่านี้,neg,ระบบ
204,Sss, - 8/22/2021 15:15:55,ไม่ค่อยอัพเดทสถานะสินค้า ดำเนินการส่งช้ากว่าปกติ สูงสุด7 วัน แต่นี่ 9 วัน ส่งตั้งแต่วันที่12,neg,ระบบ
206,ดาว, - 8/22/2021 14:01:06,ตอนแจกจ่ายช้ามาก,neg,ระบบ
215,อ้อม วัฒนพงษ์, - 8/21/2021 11:35:30,เข้าถึงเว็บช้า,neg,ระบบ
292,Love , - 8/12/2021 10:15:12,เช็คไม่ได้,neg,ระบบ
342,โอค, - 8/9/2021 9:27:47,ไปรษณีย์  ตั้งแต่วันที่ 7  พึ่งรับเข้าระบบเช็คของวันที่9 มันคืออ่ะไร,neg,ระบบ
357,ชนิสรา บุษยรัตน์, - 8/5/2021 23:22:57,ยังไม่รับของเลยค่ะ แต่ขึ้นนำจำสำเร็จคือไรค่ะงง? รีบปิดงานรึงั้ย?,neg,ระบบ
381,ผกากรอง, - 8/4/2021 14:59:04,ระบบการจัดคิวควรมีความชัดเจน,neg,ระบบ
397,พรพรรณ, - 8/3/2021 13:28:23,ไม่มีโทรศัพท์มาเลยสักสาย แต่ระบบขึ้นว่านำจ่ายไม่สำเร็จ เพราะไม่มีผู้รับสาย/ติดต่อผู้รับสายไม่ได้ รบกวนตรวจสอบดีๆ ก่อนนะคะ,neg,ระบบ
400,มิน, - 8/3/2021 11:00:06,น่าจะมีความระเอียดมากกว่านี้จะได้รู้ว่าอยุ่ส่งนใหนของที่นั้นแล้ว,neg,ระบบ
450,หาเอา, - 7/30/2021 12:57:37,ระบบเว็บโคตรกาก,neg,ระบบ
465,สุภาพร , - 7/29/2021 11:36:44,ติดตามไม่ได้ค่ะ,neg,ระบบ
484,บิล, - 7/27/2021 10:56:34,พัฒนาเวปไซส์,neg,ระบบ
501,สุมาลี, - 7/25/2021 18:22:39,ฝากตั้งแต่ 22 กค จนถึงตอนนี้ 25 กค  ของยังอยู่ที่เดิม ไม่มีการเคลื่อนย้าย  เมื่อไหร่จะพัฒนา หรือมีปัญหาอะไรทำไมไม่บอก ไม่แจ้ง  คนรอก็รอแบบ งงๆ,neg,ระบบ
524,วรรณวิมล, - 7/23/2021 8:44:11,ตรวจสอบวันที่ 23/7/21  ยังไม่มีข้อมูลการขนส่ง update  ตั้งแต่วันที่ 21/7/21,neg,ระบบ
563,จำนวน , - 7/18/2021 18:39:01,หาไม่เจอตาลอด,neg,ระบบ
596,นพดล, - 7/16/2021 12:02:34,ระบบจัดการการส่งพัสดุไม่ดี ส่งของพร้อมกัน ปลายทางที่เดียวกันแต่พัสดุถึงคนละวันกัน,neg,ระบบ
659,ไม่ต้องรู้หรอกครับ, - 7/14/2021 3:39:33,แม่งไม่ขึ้นให้ดูว่าพัสดุถึงไหนแล้วเลขถูกทุกอย่าง,neg,ระบบ
684,อรุณ กุลแดง, - 7/12/2021 13:13:54,เช้คอะไรก้ไม่ได้ ไม่ขึ้น ไม่รู้ว่าพัสดุอยู่ที่ไหน อะไรยังไง เเต่ละวันได้เเต่นั้้งรอรับ,neg,ระบบ
694,อำนวยพร ออมทรัพย์, - 7/10/2021 18:32:19,ยังไม่ได้รับของเลย นำส่งสำเร็จได้ยังไง ไม่มีใครโทรหาซักคน,neg,ระบบ
697,สวย, - 7/10/2021 11:14:58,ปรับปรุงระบบให้ห่วยแตกกว่าเดิมหรอ???,neg,ระบบ
0,สุ, - 8/5/2022 8:12:47,ส่งEMSด่วนบอกถึงรุ่งเช้าแต่ถึงอีกอีกต้องหลายวันถึง ทำมั้ยล่าช้ามาก,neg,ระยะเวลาขนส่ง
2,อนุชิต, - 7/28/2022 18:05:01,แย่ๆๆ ส่งช้ามากตอนนี้ของอยู่ไหนไม่รุ้แต่ขึ้นว่ารับของแล้ว,neg,ระยะเวลาขนส่ง
5,นิษ, - 7/23/2022 8:30:42,ห่วย/ช้า,neg,ระยะเวลาขนส่ง
6,อนันต์, - 7/11/2022 23:30:08,ส่งโคตรช้า,neg,ระยะเวลาขนส่ง
7,A, - 7/6/2022 21:17:02,ส่งช้า เช็คแล้วเช็คอีกอยู่โคราชส่งไปสุรินทร์ส่งไปให้ใครก่อนคะขอถาม ก็รอของไปดิ,neg,ระยะเวลาขนส่ง
8,ณัฐชนม์, - 7/5/2022 11:54:09,"ก็ไม่แปลกใจที่ของจะส่งช้ามากๆ
ขนาดเอกสารส่งไปอีกอำเภอนึงยังเป็นอาทิตย์เลย
#ผมก็อยากให้ทุกคนเลือกเอานะครับถ้าส่งเจ้าอื่นเพิ่มค่าส่งอีกนิดหน่อยส่งไม่ก็วันก็ถึง",neg,ระยะเวลาขนส่ง
12,พรพิทักษ์, - 6/20/2022 11:39:55,ชอบอ้างเหตุผลไม่คิดทางไปษณีลาดพร้าว แต่ที่ไปส่งเขาบอกไม่ปิดผมได้เช็คแล้ว ถ้าเป็นผลไม้คงเน่า,neg,ระยะเวลาขนส่ง
13,-, - 6/14/2022 14:32:34,ช้าที่สุดเท่าที่เคยใช้บริการ ต่อไปคงไม่ไปใช้บริการอีต่อไป,neg,ระยะเวลาขนส่ง
29,สิริภัทร, - 10/1/2021 21:39:52,ส่งของ 5 วันยังไม่ถึงมือผู้รับ,neg,ระยะเวลาขนส่ง
38,กรอรุณ, - 9/7/2021 12:14:33,ช้ามาก,neg,ระยะเวลาขนส่ง
44,วุฒิ, - 9/6/2021 15:59:51,ส่งช้า,neg,ระยะเวลาขนส่ง
53,นิตยากร, - 9/6/2021 7:03:56,สั่งของเป็นอาทิตย์จนป่านนี้ยังไม่ได้ของเลยช้ามากแล้วพนักงานก็ไม่โทรหาเลยซึ่งในพัสดุนั้นเป็นยาด้วย,neg,ระยะเวลาขนส่ง
61,คนสวย, - 9/5/2021 8:12:13,ส่งช้า,neg,ระยะเวลาขนส่ง
62,นภาพร, - 9/4/2021 23:07:27,ช้า,neg,ระยะเวลาขนส่ง
66,สุดารัตน์, - 9/4/2021 18:15:46,ส่งสินค้าช้ามาก,neg,ระยะเวลาขนส่ง
68,สุนทรา, - 9/4/2021 15:51:06,ขนาด ems ยังช้ามากๆเลย เอกชนส่งแบบปกติ ในกทม ไม่เกิน 24 ของถึงมือลูกค้า,neg,ระยะเวลาขนส่ง
87,ช้ามาก, - 9/3/2021 9:11:09,ช้า,neg,ระยะเวลาขนส่ง
88,กี้, - 9/3/2021 9:06:21,ของยังไม่ถึงเลยนานมากแล้ว,neg,ระยะเวลาขนส่ง
94,นิตยา, - 9/2/2021 15:09:23,การจัดส่งค่อนข้างล่าช้า,neg,ระยะเวลาขนส่ง
97,Kay, - 9/2/2021 7:11:23,ส่งช้า,neg,ระยะเวลาขนส่ง
108,Lathapon puyu, - 8/31/2021 20:38:10,ช้าไปนิด,neg,ระยะเวลาขนส่ง
113,สิรินทิพย์, - 8/31/2021 9:03:02,ช้ามากเลยค่ะขึ้นสถานะว่ารับฝากมาหลายวันแล้ว,neg,ระยะเวลาขนส่ง
115,ออย, - 8/30/2021 14:11:20,จัดส่งให้ไวกว่านี้,neg,ระยะเวลาขนส่ง
117,????????, - 8/30/2021 11:20:42,"ช้ามาก ห่วยที่สุด ควรทำให้เร็วกว่านี้นะคะ ขนาดส่งแบบEms 
ทำงานกันช้าขนาดนี้กล้าเปิดขนส่งได้ไง",neg,ระยะเวลาขนส่ง
119,สุชน, - 8/30/2021 9:13:07,ช้า,neg,ระยะเวลาขนส่ง
121,แก้ว, - 8/30/2021 8:55:09,ช้า,neg,ระยะเวลาขนส่ง
122,เอ๋ย, - 8/30/2021 4:13:17,รอของครึ่งเดือน ตามดรื่องก็แล้วอะไรก็แล้ว เสียหายหรือเกิดอะไรขึ้นก็ไม่รับผิดชอบ งั้นจะเก็บค่าส่งทำไมคะ?,neg,ระยะเวลาขนส่ง
131,ป, - 8/28/2021 14:33:04,ส่งช้ามาก สภาพของเยิน,neg,ระยะเวลาขนส่ง
136,Kanjana, - 8/28/2021 10:05:43,ส่งช้ามาก,neg,ระยะเวลาขนส่ง
144,แดงพระนคร, - 8/27/2021 17:51:43,ช้ามาก,neg,ระยะเวลาขนส่ง
149,บี, - 8/27/2021 14:43:01,ช้า,neg,ระยะเวลาขนส่ง
155,แดง, - 8/27/2021 13:10:25,ช้ามาก,neg,ระยะเวลาขนส่ง
160,ผู้รับ, - 8/27/2021 9:36:11,ช้ามากข้ามวันละยังไม่เข้าระบบ,neg,ระยะเวลาขนส่ง
161,วัชรากร, - 8/27/2021 8:46:18,ช้า,neg,ระยะเวลาขนส่ง
166,ดีรวดเร็ว, - 8/26/2021 15:56:19,ส่งของล่าช้าเป็นบางที,neg,ระยะเวลาขนส่ง
168,แสงระวี, - 8/26/2021 14:19:34,ขอมาถึงไปรษณีย์อ่อนนุชแล้วแต่ไม่ยอมเอามาส่ง ทำไม่มาส่งอ่ะ,neg,ระยะเวลาขนส่ง
170,น้ำฟ้า, - 8/26/2021 13:34:23,ช้าไปนิด,neg,ระยะเวลาขนส่ง
175,ระชา  อ่นใจเอื้อ, - 8/26/2021 11:28:10,ทำไมดำเนินการช้า,neg,ระยะเวลาขนส่ง
192,สุกฤษฎิ์, - 8/24/2021 19:09:36,ส่งชัาจังช่วงนี้,neg,ระยะเวลาขนส่ง
193,วรวรรณ, - 8/24/2021 19:05:45,ส่งช้าอยากให้เร็วกว่านี้,neg,ระยะเวลาขนส่ง
201,K, - 8/23/2021 20:16:19,ช้า,neg,ระยะเวลาขนส่ง
212,หาญกล้า, - 8/22/2021 1:16:46,การขนส่ง EMS ช้ามากๆๆๆๆๆๆๆๆ,neg,ระยะเวลาขนส่ง
217,นัยนา, - 8/21/2021 10:33:12,พนักงานรับสินค้าแล้วแต่ไม่นำจ่าย ล่วงเลยเวลามานานมากคืออะไรค่ะ,neg,ระยะเวลาขนส่ง
218,เกวรินทร์ สมสนิทโชติ, - 8/21/2021 8:22:54,ทำไมไม่ทำแบบเอกชน,neg,ระยะเวลาขนส่ง
221,ยินดี  ศรีสะอาด, - 8/20/2021 11:19:01,ช้า,neg,ระยะเวลาขนส่ง
226,นันท์นภัส เชยงาม, - 8/19/2021 12:10:17,ส่งไปหลายวันแล้วค่ะ ไม่ได้ส่ง ems แต่ลงทะเบียน 1 อาทิตย์แล้วของยังไม่ถึงเลยค่ะ,neg,ระยะเวลาขนส่ง
228,อนงค์นุช ศรีคำภา, - 8/19/2021 9:46:55,ช้ามากค่ะ บางทีค้นหาก็ไม่เจอบางทีก็เจอ,neg,ระยะเวลาขนส่ง
229,สู่มัยน๊ะห์, - 8/19/2021 9:36:42,ล่าช้ามากๆคะ จากปัตตานีมาจะนะเอง ส่งด่วนด้วยแต่ช้ามา,neg,ระยะเวลาขนส่ง
232,นันทิกาญจน์, - 8/18/2021 17:24:12,ล่าช้ากว่าปกติ,neg,ระยะเวลาขนส่ง
233,??????, - 8/18/2021 17:04:18,ช้ามาก,neg,ระยะเวลาขนส่ง
237,โอ สินทรัพย์, - 8/18/2021 15:18:54,ช้า,neg,ระยะเวลาขนส่ง
238,Napaporn, - 8/18/2021 14:41:52,ส่งของช้ามากๆๆๆๆๆ,neg,ระยะเวลาขนส่ง
243,Nadia, - 8/18/2021 10:11:06,ช้ามาก,neg,ระยะเวลาขนส่ง
253,-, - 8/17/2021 7:37:20,ช้ามาก,neg,ระยะเวลาขนส่ง
259,ทิพวรรณ, - 8/16/2021 10:46:55,ส่งemsรอสินค้า6วันแล้วยังไม่ได้รับสินค้าเลยคะแย่มาก,neg,ระยะเวลาขนส่ง
264,แบมมี่, - 8/14/2021 17:30:20,สาขาย่อยช้ามาก,neg,ระยะเวลาขนส่ง
274,นางเสาวภา จ้อยศรีเกตุ, - 8/13/2021 14:32:38,รอนาน,neg,ระยะเวลาขนส่ง
281,แย่, - 8/13/2021 7:15:38,ช้า,neg,ระยะเวลาขนส่ง
294,เดวิน พันมาตร์, - 8/12/2021 8:20:24,ems ไม่ควรเกิน 2 วัน ตอนนี้ 3วันเเล้วยังไม่ถึงอีก,neg,ระยะเวลาขนส่ง
298,สุภา อินทะพันธ์, - 8/11/2021 16:38:26,ช้ามากๆ เห็นเป็นของใหญ่ไม่มีใครอยากส่งต้องโทรตามหลายรอบ,neg,ระยะเวลาขนส่ง
316,สว่าง บัวทอง, - 8/10/2021 19:12:34,ส่งช้ามากๆๆๆๆๆๆ หกวันจากต้นทางยังไม่ได้ของเลย ของข้างในเน่าไปแล้วแหละป่านนี้,neg,ระยะเวลาขนส่ง
317,อรสา ชนะฤทธิ์, - 8/10/2021 18:55:01,ล่าช้ามากค่ะ,neg,ระยะเวลาขนส่ง
318,สมรส, - 8/10/2021 17:26:03,ช้า,neg,ระยะเวลาขนส่ง
322,พลอย, - 8/10/2021 12:02:28,ช้า,neg,ระยะเวลาขนส่ง
323,เเย่, - 8/10/2021 11:52:00,ส่งของโครตช้าสั่งของจะครบอาทิตย์ยังไม่ได้รับ,neg,ระยะเวลาขนส่ง
325,??, - 8/10/2021 11:23:20,6 วันแล้วค้างอยู่ที่ ศป .ยุดยา,neg,ระยะเวลาขนส่ง
326,นาสม, - 8/10/2021 11:18:43,ส่งช้ามาก,neg,ระยะเวลาขนส่ง
329,เบญจวรรณ, - 8/10/2021 8:03:08,การขนส่งช้าไปหน่อย,neg,ระยะเวลาขนส่ง
333,โรสนีมี รานิง, - 8/9/2021 16:22:43,สินค้าถึงคลังอ่อนนุชตั้งแต่วันที่  7 วันที่ 9 ยังไม่มาส่งเลย เต่าสุดจัดครับ,neg,ระยะเวลาขนส่ง
334,วิธวินท์ มาละมัย, - 8/9/2021 14:54:43,ช้ามาก,neg,ระยะเวลาขนส่ง
344,สุภัสสรา จันทะยาลา, - 8/9/2021 9:10:31,ช้ามากค่ะ ตอนนี้ยังไม่ได้พัสดุเลย,neg,ระยะเวลาขนส่ง
348,วณิ, - 8/6/2021 15:28:05,ช้า,neg,ระยะเวลาขนส่ง
349,ต่าย, - 8/6/2021 14:55:39,ช้านิดหน่อย,neg,ระยะเวลาขนส่ง
352,อุไร ชนะฤทธิ์, - 8/6/2021 11:27:31,ช้ามากค่ะ,neg,ระยะเวลาขนส่ง
353,sanmiguel, - 8/6/2021 9:55:55,ช้ามากๆๆๆๆๆๆๆๆๆๆๆๆ,neg,ระยะเวลาขนส่ง
360,กิ่งดาว, - 8/5/2021 22:06:16,3วันแล้วของยังไม่ถึงก็เนุาหมดสิครับ,neg,ระยะเวลาขนส่ง
362,ปุ๊กกี้, - 8/5/2021 17:42:45,ช้ามากตั้งแต่วันจัน พฤหัส ยังไม่ถึงเลย,neg,ระยะเวลาขนส่ง
371,มนฤดี, - 8/5/2021 9:58:32,ล่าช้า,neg,ระยะเวลาขนส่ง
383,Nittaya , - 8/4/2021 13:31:11,การขนส่งล่าช้ามาก,neg,ระยะเวลาขนส่ง
384,อิทธิพล, - 8/4/2021 13:24:19,ของถึงปลายทางแต่ไม่ยอมส่งจะเก็บไว้ทำไม จะเปิดขนส่งทำไมไม่เข้าใจ..แย่มากๆ รบกวนดูแลเรื่องการจัดส่งด้วยนะครับ,neg,ระยะเวลาขนส่ง
391,อาซิ, - 8/3/2021 23:42:42,ล่าช้า,neg,ระยะเวลาขนส่ง
399,ปวิชญาดา, - 8/3/2021 11:20:54,ช้าที่สุด,neg,ระยะเวลาขนส่ง
404,ชวฤทธิ์, - 8/3/2021 8:36:33,ช้า,neg,ระยะเวลาขนส่ง
409,ไก่, - 8/2/2021 15:55:42,ช้ามากค่ะ,neg,ระยะเวลาขนส่ง
417,สุนีย์, - 8/2/2021 10:30:24,ล่าช้า,neg,ระยะเวลาขนส่ง
419,รสมาลิน, - 8/2/2021 8:31:56,ส่งช้าเป็นบ้างครั่ง,neg,ระยะเวลาขนส่ง
433,สุภาวดี, - 7/31/2021 14:44:32,ขนส่งสินค้าช้านิดนึง,neg,ระยะเวลาขนส่ง
438,Aomji, - 7/30/2021 22:49:46,ส่ง EMS แต่ล่าช้าไปหน่อยค่ะ,neg,ระยะเวลาขนส่ง
451,กัญญ์ณณัฎฐ์, - 7/30/2021 11:49:38,ของส่งตั้งแต่ 19/7/64ปลายทางรับ จ.ขอนแก่นส่งด่วนยังไม่ได้รับเลย ไม่ok.เลย,neg,ระยะเวลาขนส่ง
452,เกวล บุณยาจิณ, - 7/30/2021 10:49:16,ส่งของช้ามาก ส่งแบบemsคั้งแต่วันที่24กรกฎาคมจนวันนี้วันที่30กรกฎาคมแล้วก็ยังไม่ได้,neg,ระยะเวลาขนส่ง
457,พันปลา, - 7/29/2021 17:36:37,ส่งช้าเเถมส่งมาไม่พร้อมกัน,neg,ระยะเวลาขนส่ง
467,มิน, - 7/28/2021 18:48:10,ช้า,neg,ระยะเวลาขนส่ง
474,ปาทิตรา, - 7/27/2021 21:32:26,ช้า,neg,ระยะเวลาขนส่ง
483,May, - 7/27/2021 11:59:18,ส่งช้าค่ะ,neg,ระยะเวลาขนส่ง
490,นายพิศิษฐ์ เฟื่องจิตต์, - 7/26/2021 18:52:10,ส่งของช้ามากๆ ตั้งแต่วันที่ 19 จะ 10 วันแล้ว,neg,ระยะเวลาขนส่ง
492,กัลยรักษ์, - 7/26/2021 13:12:50,ช้ามาก,neg,ระยะเวลาขนส่ง
493,คนไทย, - 7/26/2021 12:19:32,ช้า,neg,ระยะเวลาขนส่ง
505,อัน, - 7/25/2021 9:58:11,แย่มากของมาถึงที่สาขาอ่อนนุช3วันละไม่ยอมนำจ่าย,neg,ระยะเวลาขนส่ง
506,ประยุทธ์ อังคารโอชา, - 7/24/2021 23:28:04,ควยของกุอยู่ใกล้ๆจะถึงบ้านละ เอาของกุไปนครราชสีมาห่าพ่อมึงอ่อไอ้สัส ไอ้เหี้ยหลายวันกว่าเก่าอีก,neg,ระยะเวลาขนส่ง
508,ชาญชัย, - 7/24/2021 16:46:20,ส่งEMS.  3วันแล้วยังไม่นำจ่าย,neg,ระยะเวลาขนส่ง
509,น้ำฝน, - 7/24/2021 12:03:18,ช้ามาก,neg,ระยะเวลาขนส่ง
512,กะ, - 7/24/2021 11:08:14,ช้ามากกกกกก,neg,ระยะเวลาขนส่ง
513,Mama, - 7/24/2021 8:22:21,ช้าหน่อยเพราะไกล,neg,ระยะเวลาขนส่ง
521,เสาวคนธ์, - 7/23/2021 10:22:41,ช้า,neg,ระยะเวลาขนส่ง
526,ศิวะ, - 7/22/2021 23:21:34,ช้ามากคับ,neg,ระยะเวลาขนส่ง
542,sarocha, - 7/21/2021 7:51:17,ขนส่งช้ามาก เลือกส่งของแบบ ems พนักงานแจ้งบอกตอนไปส่งของว่าวันเดียวถึง นี่จะสองวันแล้วยังไม่ถึงปลายทางเลย,neg,ระยะเวลาขนส่ง
582,จิ๊บ, - 7/16/2021 17:59:42,ปลายทางส่งของช้า,neg,ระยะเวลาขนส่ง
587,สันถัต สารักษ์, - 7/16/2021 14:29:06,ช้ากว่าไปรษณีย์เอกชน,neg,ระยะเวลาขนส่ง
598,ยิ้ม, - 7/16/2021 11:35:47,บริการล่าช้ามากค่ะ แย่มาก,neg,ระยะเวลาขนส่ง
604,ชลธิชา, - 7/16/2021 9:31:25,ช้า,neg,ระยะเวลาขนส่ง
607,บ.ทีพีเอสฯ, - 7/16/2021 8:43:34,ช้ามาก,neg,ระยะเวลาขนส่ง
613,ตุ๊, - 7/15/2021 17:30:43,ส่งช้ามาก,neg,ระยะเวลาขนส่ง
614,1, - 7/15/2021 17:00:23,ช้า,neg,ระยะเวลาขนส่ง
615,กระแต, - 7/15/2021 16:41:51,ส่งของล่าช้า,neg,ระยะเวลาขนส่ง
617,ธนเดช พุกวงษ์, - 7/15/2021 16:34:27,ระบบช้ามาก,neg,ระยะเวลาขนส่ง
624,A, - 7/15/2021 14:46:11,ช้า,neg,ระยะเวลาขนส่ง
627,ณิชาภัทร, - 7/15/2021 12:03:59,ส่งช้ามาก,neg,ระยะเวลาขนส่ง
630,ลินดา, - 7/15/2021 9:59:17,ส่งพัสดุ EMS ตั้งแต่ 12/7/2564  วันที่ 15/7/2564 ยังไม่นำจ่ายเลย ช้ามากค่ะ,neg,ระยะเวลาขนส่ง
631,อธิติยา, - 7/15/2021 9:58:57,ส่งช้ามากก,neg,ระยะเวลาขนส่ง
632,ปิยะพล พรมทอง, - 7/15/2021 8:58:49,ส่งถึงช้า,neg,ระยะเวลาขนส่ง
634,น้อง, - 7/15/2021 7:11:47,ช้า,neg,ระยะเวลาขนส่ง
637,นอย, - 7/14/2021 22:05:50,สั่งไปนานเเล้วเเต่ยังไม่ได้ของ,neg,ระยะเวลาขนส่ง
642,ทิพย์สุดา, - 7/14/2021 18:10:40,ส่งสินค้าข้าไปนิดค่ะ3 วันแล้วยังไม่ถึงเลยค่ะ,neg,ระยะเวลาขนส่ง
643,กรรณิการ์, - 7/14/2021 16:59:34,ขนส่งช้า,neg,ระยะเวลาขนส่ง
644,ช้า, - 7/14/2021 16:12:14,ช้า,neg,ระยะเวลาขนส่ง
646,ซิน, - 7/14/2021 14:58:12,ช้ากว่าใครไปรษณีย์ไทย,neg,ระยะเวลาขนส่ง
653,แอน, - 7/14/2021 11:22:58,ช้าไปบ้าง,neg,ระยะเวลาขนส่ง
662,อรอรุณ, - 7/13/2021 20:07:58,ไม่พอใจมาก เพราะสินค้ายังไม่ถึง ซึ้งส่งสิ้นค้า ตั้งแต่ วันที่ 6 กรกฎาคม 2564 จน ณ วันนี้ 13 กรกฎาคม 2564 ยังไม่ได้รับ ส่งเป็น EMS นะคะ ไม่ใช่ส่งธรรมดา หรือลงทะเบียน รบตรวจสอบ ด้วยคะ,neg,ระยะเวลาขนส่ง
667,ครู, - 7/13/2021 12:57:20,ปณ บางซื้อ ย่ำแย่ ส่งของช้า เลือกแบบems 2อาทิตย์แล้วยังไม่ได้รับของ งงมาก,neg,ระยะเวลาขนส่ง
672,ไม่ต้องรู้หรอก, - 7/13/2021 8:36:39,ห่วยแตกส่งช้ามากถ้าส่งแฟลชป่านนี้ของได้ขายไปแล้ว ควรปรับปรุงนะคะไปรษณีย์ไทยก็มีทั่วคนส่งก็ไม่ค่อยเยอะแต่ทำไมส่งช้า,neg,ระยะเวลาขนส่ง
674,., - 7/13/2021 2:59:39,ควรนำส่งให้ไวขึ้นค่ะรอของนานมากจากแค่ประทุมมาอยุธยา,neg,ระยะเวลาขนส่ง
676,??Mild??, - 7/12/2021 21:53:38,ช้า,neg,ระยะเวลาขนส่ง
682,13, - 7/12/2021 15:28:13,ช้ามาก,neg,ระยะเวลาขนส่ง
683,สุรรณภา, - 7/12/2021 13:34:11,ช้าไปนิดนึง,neg,ระยะเวลาขนส่ง
686,แอม, - 7/12/2021 10:24:06,ระบบช้ามาก,neg,ระยะเวลาขนส่ง
689,นุ้ก, - 7/11/2021 22:20:18,ช้ามาก,neg,ระยะเวลาขนส่ง
691,ตา, - 7/11/2021 11:58:14,ช้า,neg,ระยะเวลาขนส่ง
692,คนสวย, - 7/11/2021 9:04:32,ช้า,neg,ระยะเวลาขนส่ง
695,Fa , - 7/10/2021 15:19:12,ช้า,neg,ระยะเวลาขนส่ง
719,กรณัฏฐ์, - 7/8/2021 15:41:04,ส่งช้ามาก มาส่งตอน 21:15 น. ไม่โทรหาด้วย,neg,ระยะเวลาขนส่ง
463,สมชาย, - 7/29/2021 13:40:26,ช้าและแพง,neg,ราคาค่าขนส่ง
32,เนส, - 9/10/2021 13:58:24,ปรับปรุงอีกหน่อยก็ดีค่ะ,neu,การบริการ
37,แมว, - 9/7/2021 12:55:06,ไม่มี,neu,การบริการ
49,อภัทสร, - 9/6/2021 11:39:54,ไม่มี,neu,การบริการ
52,จะถามไรเยอะ, - 9/6/2021 8:33:03,ไม่มี,neu,การบริการ
54,คนสวย, - 9/5/2021 15:45:51,ไม่มี,neu,การบริการ
69,กิ่ง, - 9/4/2021 14:55:23,ไม่มี,neu,การบริการ
72,ตอม, - 9/4/2021 10:38:31,พอใช้,neu,การบริการ
73,เฟิน, - 9/4/2021 9:49:17,หาไม่เจอ,neu,การบริการ
74,Dada , - 9/4/2021 9:48:06,ให้ส่งช่วงที่ว่าง,neu,การบริการ
78,ไม่มี, - 9/3/2021 18:57:31,ไม่มี,neu,การบริการ
79,พงษ์เอก, - 9/3/2021 18:27:45,พอควร,neu,การบริการ
80,สิรินาถ, - 9/3/2021 18:02:26,ไม่มีค่ะ,neu,การบริการ
89,มูฮัมหมัดชารีฟ แวติจิ, - 9/2/2021 21:47:23,น่าสนใจในการส่งของค่ะ,neu,การบริการ
90,แมว, - 9/2/2021 21:45:33,ควรจัดส่งใหเร็วขึ้นและปลอดภัย,neu,การบริการ
91,-, - 9/2/2021 21:26:06,ไม่มีค่ะ,neu,การบริการ
95,ศิริลักษณ์ สุดทองคง, - 9/2/2021 10:21:34,ไม่มี,neu,การบริการ
96,Tan, - 9/2/2021 9:36:04,ไม่มี,neu,การบริการ
99,สุภาภรฯ์, - 9/1/2021 22:29:47,ไม่มี,neu,การบริการ
141,นพพล, - 8/27/2021 19:52:30,บ้านไม่ได้ปิดเข้ามาส่งได้เลยไม่ไช้ขับผ่านเลย,neu,การบริการ
143,ยา, - 8/27/2021 18:32:51,ไม่มี,neu,การบริการ
147,นวพร, - 8/27/2021 15:13:11,หมวก,neu,การบริการ
181,O, - 8/25/2021 23:30:40,ไม่มี,neu,การบริการ
185,วิศา, - 8/25/2021 12:05:31,รอ,neu,การบริการ
194,ขวัญ, - 8/24/2021 16:46:55,ไม่มี,neu,การบริการ
195,1, - 8/24/2021 15:42:50,ไม่มี,neu,การบริการ
202,แอมนิการ์ ปัญญาเพียน, - 8/23/2021 10:29:19,ไม่มี,neu,การบริการ
209,ไม่มี, - 8/22/2021 12:34:06,ไม่มี,neu,การบริการ
222,ไปรยา, - 8/20/2021 8:14:44,ไม่มี,neu,การบริการ
225,Wantita, - 8/19/2021 13:58:50,ไม่มี,neu,การบริการ
231,สุนิศา แก้วเจือ, - 8/18/2021 19:20:50,ไม่มี,neu,การบริการ
235,มุก, - 8/18/2021 16:28:34,ไม่มี,neu,การบริการ
244,ปัทมพร รักษาชล, - 8/18/2021 9:05:42,ไม่มี,neu,การบริการ
257,ค่ะ, - 8/16/2021 17:10:30,ไม่รุ้,neu,การบริการ
260,นฤมล, - 8/16/2021 9:46:02,ไม่มี,neu,การบริการ
265,อนุสรณ์ กาญจนกูล, - 8/14/2021 14:58:42,ไม่มี,neu,การบริการ
266,เจน, - 8/14/2021 12:25:39,ปานกลาง,neu,การบริการ
295,Nit, - 8/12/2021 7:07:24,ไม่มี,neu,การบริการ
299,ปุญญยวีร์ อัษฎางคพิพัฌ, - 8/11/2021 15:35:57,พัฒนาการดำเนินการให้เพิ่มศักยภาพและราคาให้ถูกลง,neu,การบริการ
301,จิรัชญา, - 8/11/2021 14:08:16,ไม่มี,neu,การบริการ
306,น้ำใจดีงาม, - 8/11/2021 10:23:06,ไม่มี,neu,การบริการ
321,Kornchawan , - 8/10/2021 13:26:16,ไม่มี,neu,การบริการ
338,จักรกริช, - 8/9/2021 12:42:15,ไม่มี,neu,การบริการ
340,เจี๊ยบ, - 8/9/2021 11:47:41,ไม่มี,neu,การบริการ
373,Mara, - 8/4/2021 22:57:23,ไม่มี,neu,การบริการ
377,ณัฐดนัย กวีนันทชัย, - 8/4/2021 19:03:49,ไม่มี,neu,การบริการ
392,ชลลดา, - 8/3/2021 21:28:02,ไม่มี,neu,การบริการ
393,ยลรดี, - 8/3/2021 21:18:15,พอใช้,neu,การบริการ
396,ดี้, - 8/3/2021 15:26:11,ไม่มี,neu,การบริการ
398,ธนากร, - 8/3/2021 12:29:16,ไม่มี,neu,การบริการ
431,วิศรุต, - 7/31/2021 14:50:36,ไม่มี,neu,การบริการ
443,ปภัสสร, - 7/30/2021 20:35:34,ไม่มี,neu,การบริการ
444,เก้, - 7/30/2021 19:52:39,ธรรมดา,neu,การบริการ
445,นิว, - 7/30/2021 18:58:00,ไม่มี,neu,การบริการ
460,ลาว, - 7/29/2021 15:28:35,พอใช่,neu,การบริการ
466,กนกวรรณ แก้วใจบุญ, - 7/29/2021 7:48:03,พอใจ,neu,การบริการ
468,สมชาย, - 7/28/2021 16:11:39,สมชาย,neu,การบริการ
475,hall, - 7/27/2021 20:28:09,tananya,neu,การบริการ
488,สิริกัญญา , - 7/27/2021 8:39:20,ไม่มี,neu,การบริการ
494,สิริชัย นวลละออง, - 7/26/2021 11:59:05,ไม่มีเพิ่มเติม,neu,การบริการ
496,กมลวรรณ, - 7/26/2021 11:07:16,ขอบคุคะ,neu,การบริการ
497,ณัฐวัฒณ์ สุวิทยาภรณ์, - 7/26/2021 9:36:40,ผ่าน,neu,การบริการ
500,มะปราง, - 7/25/2021 20:04:48,อยากให้มีการโทรมาบอกก่อนส่งของค่ะ,neu,การบริการ
503,สวยสุดๆ, - 7/25/2021 17:28:08,ดีมั้ง,neu,การบริการ
504,เรืองศักดิ์ ผลพฤกษา, - 7/25/2021 15:13:08,ไม่ทีครับ,neu,การบริการ
507,สมจิต ใจใหญ่, - 7/24/2021 17:33:01,ของส่งถึงเรียบร้อย,neu,การบริการ
510,ศิริ, - 7/24/2021 11:43:23,ไม่มี,neu,การบริการ
514,สมคิด, - 7/23/2021 23:56:06,ไม่มี,neu,การบริการ
516,พี่, - 7/23/2021 18:39:22,ไม่มี,neu,การบริการ
528,ณัฐธิดา, - 7/22/2021 16:25:10,ไม่มี,neu,การบริการ
535,มาย, - 7/22/2021 10:56:09,ไท่มี,neu,การบริการ
543,เบลล์, - 7/20/2021 18:19:23,ไม่มี,neu,การบริการ
544,ไม่มี, - 7/20/2021 16:20:24,ไม่มี,neu,การบริการ
545,มอส, - 7/20/2021 16:18:17,ไม่มี,neu,การบริการ
546,ขนิษฐดา, - 7/20/2021 15:05:17,Yes,neu,การบริการ
568,อาย, - 7/18/2021 6:31:51,ไม่มี,neu,การบริการ
576,ไม่มี, - 7/17/2021 13:05:43,ไม่มี,neu,การบริการ
581,ศิรภัสสร ภูดี, - 7/16/2021 20:28:57,ไม่มี,neu,การบริการ
583,พ, - 7/16/2021 17:30:46,ไม่มี,neu,การบริการ
594,อรวีร์, - 7/16/2021 12:42:19,ไม่มี,neu,การบริการ
600,แพรวา, - 7/16/2021 11:33:59,ไม่มีค่ะ,neu,การบริการ
610,แพน, - 7/15/2021 22:18:01,ไม่มี,neu,การบริการ
618,แดง, - 7/15/2021 16:21:55,ไม่มี,neu,การบริการ
636,ไม่มี, - 7/14/2021 22:51:53,ไม่มี,neu,การบริการ
640,นันท์, - 7/14/2021 18:40:47,ไม่มี,neu,การบริการ
664,แพท, - 7/13/2021 17:45:13,ไม่มี,neu,การบริการ
677,นวพร, - 7/12/2021 20:46:26,ไม่มี,neu,การบริการ
679,Tirayut, - 7/12/2021 19:57:49,ไม่มี,neu,การบริการ
681,สุวรรณา, - 7/12/2021 17:18:53,ไม่มี,neu,การบริการ
693,Me, - 7/11/2021 4:01:30,ไม่มี,neu,การบริการ
702,อนาคิน, - 7/9/2021 16:27:55,ไม่มี,neu,การบริการ
708,ไม่มี, - 7/9/2021 13:36:14,ไม่มี,neu,การบริการ
112,ภารดี, - 8/31/2021 9:54:48,ควรระวังการพับเอกสาร,neu,ความปลอดภัยพัสดุ
537,ชุติมา, - 7/21/2021 21:07:03,ถ้ามีรถรักษาอุณหภูมิ สำหรับผลไม้ น่าจะดีกว่านี้ค่ะ,neu,ความปลอดภัยพัสดุ
538,ชุติมา, - 7/21/2021 20:57:14,น่าจะมีบริการรถขนส่งติดแอร์เย็นๆบรรทุกพัสดุประเภทผลไม้นะคะ,neu,ความปลอดภัยพัสดุ
580,รุ่งอรุณ, - 7/17/2021 4:52:21,อยากให้มีการจัดเก็บพัสดุที่เป็นระบบ หาง่ายก่อนนำส่งลูกค้า เพื่อป้องกันการหาย ตกค้าง หรือหาไม่เจอ,neu,ความปลอดภัยพัสดุ
658,เน่า, - 7/14/2021 4:09:40,ของเน่าแล้วมั้ง,neu,ความปลอดภัยพัสดุ
439,ธมลวรรณ, - 7/30/2021 21:55:51,โทรหาลูกค้าหน่อยค่ะ,neu,พนักงาน
663,ออน, - 7/13/2021 18:01:50,ควรที่จะโทรหาลูกค้า,neu,พนักงาน
26,???EMS, - 10/9/2021 12:14:43,?????????EMS?,neu,ไม่สามารถระบุได้
27,???????????, - 10/9/2021 12:13:13,?????????????????,neu,ไม่สามารถระบุได้
28,?????, - 10/9/2021 12:09:56,????????????????????,neu,ไม่สามารถระบุได้
33,-, - 9/10/2021 8:31:27,-,neu,ไม่สามารถระบุได้
39,ศรุตา สุภาพ, - 9/7/2021 10:57:47,.,neu,ไม่สามารถระบุได้
43,ชฎาพร, - 9/6/2021 19:51:33,-,neu,ไม่สามารถระบุได้
46,., - 9/6/2021 15:19:50,.,neu,ไม่สามารถระบุได้
47,-, - 9/6/2021 14:03:07,-,neu,ไม่สามารถระบุได้
48,นางสาวจินตนา  รตยารมย์, - 9/6/2021 12:08:18,-,neu,ไม่สามารถระบุได้
50,-, - 9/6/2021 11:35:25,-,neu,ไม่สามารถระบุได้
57,ariyavas, - 9/5/2021 11:22:44,-,neu,ไม่สามารถระบุได้
58,-, - 9/5/2021 10:49:16,-,neu,ไม่สามารถระบุได้
64,..., - 9/4/2021 19:17:41,...,neu,ไม่สามารถระบุได้
84,วิ, - 9/3/2021 10:53:06,เ,neu,ไม่สามารถระบุได้
98,-, - 9/2/2021 6:06:07,-,neu,ไม่สามารถระบุได้
101,-, - 9/1/2021 21:07:18,-,neu,ไม่สามารถระบุได้
102,-, - 9/1/2021 15:00:31,-,neu,ไม่สามารถระบุได้
109,ค่ะ, - 8/31/2021 17:03:18,ค่ะ,neu,ไม่สามารถระบุได้
110,นิว, - 8/31/2021 15:41:42,ไม่มี,neu,ไม่สามารถระบุได้
111,เฟิน, - 8/31/2021 14:44:24,-,neu,ไม่สามารถระบุได้
114,-, - 8/30/2021 18:26:34,-,neu,ไม่สามารถระบุได้
124,Nattawan, - 8/29/2021 19:20:22,-,neu,ไม่สามารถระบุได้
126,Kanokpich?, - 8/29/2021 16:29:43,-,neu,ไม่สามารถระบุได้
130,กฤตนัย หนานนะ, - 8/28/2021 14:59:12,....,neu,ไม่สามารถระบุได้
132,ท๊อป, - 8/28/2021 14:12:13,ไม่มี,neu,ไม่สามารถระบุได้
133,Jida, - 8/28/2021 12:45:15,Maime,neu,ไม่สามารถระบุได้
134,ปิยนุช, - 8/28/2021 11:49:29,จ่ะ,neu,ไม่สามารถระบุได้
135,ดี, - 8/28/2021 11:04:12,ไม่มี,neu,ไม่สามารถระบุได้
137,พาขวัญ ปานจินดาสกุล, - 8/28/2021 9:55:25,ไม่มี,neu,ไม่สามารถระบุได้
150,เจษฎา, - 8/27/2021 14:20:56,ส่งเร็วๆหน่อยเถอะ,neu,ไม่สามารถระบุได้
153,ธัญดา, - 8/27/2021 13:23:00,-,neu,ไม่สามารถระบุได้
154,-, - 8/27/2021 13:19:37,-,neu,ไม่สามารถระบุได้
157,-, - 8/27/2021 11:48:27,-,neu,ไม่สามารถระบุได้
158,ฐิตวดี คงศิริสมบัติ, - 8/27/2021 11:32:27,-,neu,ไม่สามารถระบุได้
165,ต, - 8/26/2021 16:40:26,ค,neu,ไม่สามารถระบุได้
169,No, - 8/26/2021 13:50:27,No,neu,ไม่สามารถระบุได้
177,Fyuhh, - 8/26/2021 10:18:38,Dgjn,neu,ไม่สามารถระบุได้
179,สุภาวดี, - 8/26/2021 8:45:52,-,neu,ไม่สามารถระบุได้
182,บุษบา, - 8/25/2021 15:54:34,,neu,ไม่สามารถระบุได้
184,-, - 8/25/2021 14:40:55,-,neu,ไม่สามารถระบุได้
188,วนิ, - 8/25/2021 11:00:33,ไม่มี,neu,ไม่สามารถระบุได้
191,-, - 8/24/2021 21:00:30,-,neu,ไม่สามารถระบุได้
196,Sami, - 8/24/2021 15:08:25,-,neu,ไม่สามารถระบุได้
203,Bajkaja, - 8/22/2021 18:12:12,Gggbzhzj,neu,ไม่สามารถระบุได้
207,คน, - 8/22/2021 13:17:23,....,neu,ไม่สามารถระบุได้
210,N, - 8/22/2021 9:36:43,N,neu,ไม่สามารถระบุได้
230,Kammam, - 8/18/2021 21:33:57,Gg,neu,ไม่สามารถระบุได้
234,นริศรา รับไทรทอง, - 8/18/2021 17:00:06,.,neu,ไม่สามารถระบุได้
240,-, - 8/18/2021 12:40:09,-,neu,ไม่สามารถระบุได้
246,Rr, - 8/17/2021 19:32:53,55,neu,ไม่สามารถระบุได้
247,ธนารีย์, - 8/17/2021 19:19:40,ไม่มี,neu,ไม่สามารถระบุได้
250,Supeeya, - 8/17/2021 12:28:09,...,neu,ไม่สามารถระบุได้
251,บัณทิตา, - 8/17/2021 10:54:06,.,neu,ไม่สามารถระบุได้
252,บบบ, - 8/17/2021 10:32:09,ไม่มี,neu,ไม่สามารถระบุได้
270,รุ่งกาญจน์ สังข์ทอง, - 8/13/2021 20:25:34,-,neu,ไม่สามารถระบุได้
275,., - 8/13/2021 12:34:23,.,neu,ไม่สามารถระบุได้
284,ศิณิชา, - 8/12/2021 16:44:52,-,neu,ไม่สามารถระบุได้
293,ฉัน, - 8/12/2021 8:30:55,เคร,neu,ไม่สามารถระบุได้
296,ยุทธนา, - 8/11/2021 23:47:51,ไม่,neu,ไม่สามารถระบุได้
300,Amp, - 8/11/2021 14:51:04,-,neu,ไม่สามารถระบุได้
303,หนึ่ง, - 8/11/2021 12:54:25,เค,neu,ไม่สามารถระบุได้
307,ณาตาชา, - 8/11/2021 10:20:50,-,neu,ไม่สามารถระบุได้
310,นามี, - 8/10/2021 23:48:20,อ่า,neu,ไม่สามารถระบุได้
311,-, - 8/10/2021 23:06:26,-,neu,ไม่สามารถระบุได้
312,อุไรวรรณ, - 8/10/2021 22:30:40,ไม่มี,neu,ไม่สามารถระบุได้
319,ณัชชา, - 8/10/2021 16:49:38,-,neu,ไม่สามารถระบุได้
320,Laksamon, - 8/10/2021 16:43:10,No,neu,ไม่สามารถระบุได้
327,ีถ, - 8/10/2021 10:44:39,ัพ,neu,ไม่สามารถระบุได้
328,ศิริรัตน์, - 8/10/2021 10:40:14,-,neu,ไม่สามารถระบุได้
337,., - 8/9/2021 12:55:15,-,neu,ไม่สามารถระบุได้
350,วัชรา, - 8/6/2021 14:54:32,.,neu,ไม่สามารถระบุได้
355,คน, - 8/6/2021 7:17:13,คืาระดทวยรพหไำะันบใ. กหไถึยยใ,neu,ไม่สามารถระบุได้
359,รู้ได้ไง, - 8/5/2021 22:22:48,อะไีร,neu,ไม่สามารถระบุได้
364,วรลักษณ์, - 8/5/2021 16:17:57,-,neu,ไม่สามารถระบุได้
366,แฟนพีาจองอู, - 8/5/2021 13:48:32,_,neu,ไม่สามารถระบุได้
368,อา, - 8/5/2021 13:03:02,ไม่มีอัพเดทสถานะ,neu,ไม่สามารถระบุได้
370,—, - 8/5/2021 10:29:29,—,neu,ไม่สามารถระบุได้
374,-, - 8/4/2021 22:53:36,-,neu,ไม่สามารถระบุได้
382,ฌเดด, - 8/4/2021 14:20:13,็้,neu,ไม่สามารถระบุได้
387,-, - 8/4/2021 10:44:22,-,neu,ไม่สามารถระบุได้
394,อามาน?, - 8/3/2021 17:16:23,-,neu,ไม่สามารถระบุได้
406,ก้อง  แสงงาม, - 8/2/2021 19:19:48,งง,neu,ไม่สามารถระบุได้
412,-, - 8/2/2021 12:57:37,-,neu,ไม่สามารถระบุได้
414,Jirayus, - 8/2/2021 12:00:03,-,neu,ไม่สามารถระบุได้
426,อามาน, - 8/1/2021 7:36:41,-,neu,ไม่สามารถระบุได้
427,กิตติ, - 7/31/2021 22:59:44,ขอบคุ,neu,ไม่สามารถระบุได้
429,Mike, - 7/31/2021 20:59:10,-,neu,ไม่สามารถระบุได้
436,-, - 7/31/2021 9:38:02,-,neu,ไม่สามารถระบุได้
441,อามาน?  อีแต?, - 7/30/2021 21:24:34,-,neu,ไม่สามารถระบุได้
442,อามาน? อีแต?, - 7/30/2021 21:23:00,-,neu,ไม่สามารถระบุได้
448,-, - 7/30/2021 15:28:58,-,neu,ไม่สามารถระบุได้
454,บาส, - 7/30/2021 10:39:32,คับ,neu,ไม่สามารถระบุได้
469,ไพเราะ ยวงเจริญ, - 7/28/2021 15:22:15,-,neu,ไม่สามารถระบุได้
473,วรรณนิดา, - 7/28/2021 8:54:30,-,neu,ไม่สามารถระบุได้
498,วิชาลิน ธีระวุฒิ, - 7/25/2021 22:14:53,.,neu,ไม่สามารถระบุได้
499,Ttt, - 7/25/2021 20:35:20,Ffff,neu,ไม่สามารถระบุได้
515,-, - 7/23/2021 21:57:16,-,neu,ไม่สามารถระบุได้
519,ฉวีวรรณ, - 7/23/2021 13:35:22,9i;0lv[wfhi;fgiH;fu8jt,neu,ไม่สามารถระบุได้
520,-, - 7/23/2021 12:25:50,-,neu,ไม่สามารถระบุได้
522,-, - 7/23/2021 10:05:27,-,neu,ไม่สามารถระบุได้
534,...., - 7/22/2021 12:27:16,....,neu,ไม่สามารถระบุได้
547,I, - 7/20/2021 14:11:42,Yoo,neu,ไม่สามารถระบุได้
562,_, - 7/18/2021 21:19:22,_,neu,ไม่สามารถระบุได้
564,นิชาภา, - 7/18/2021 15:44:09,-,neu,ไม่สามารถระบุได้
569,., - 7/17/2021 18:49:14,.,neu,ไม่สามารถระบุได้
570,ดำรงรัตน์, - 7/17/2021 18:35:33,-,neu,ไม่สามารถระบุได้
571,ตั้ม, - 7/17/2021 16:58:55,อืม,neu,ไม่สามารถระบุได้
575,T, - 7/17/2021 13:13:17,G,neu,ไม่สามารถระบุได้
577,ธิดารัตน์, - 7/17/2021 10:46:54,-,neu,ไม่สามารถระบุได้
588,-, - 7/16/2021 14:23:08,-,neu,ไม่สามารถระบุได้
597,-, - 7/16/2021 11:54:52,-,neu,ไม่สามารถระบุได้
599,อ้อ, - 7/16/2021 11:35:34,-,neu,ไม่สามารถระบุได้
602,-, - 7/16/2021 10:21:20,-,neu,ไม่สามารถระบุได้
606,ชนม์นิภา, - 7/16/2021 9:16:33,_,neu,ไม่สามารถระบุได้
608,เจกิตาน์ ปิ่นประเสริฐ, - 7/15/2021 22:39:19,-,neu,ไม่สามารถระบุได้
612,Mook, - 7/15/2021 19:02:16,-,neu,ไม่สามารถระบุได้
622,สุทิน รอดขาว, - 7/15/2021 15:28:31,แอปเขาใส่งานอยาก,neu,ไม่สามารถระบุได้
625,พรพรรณี, - 7/15/2021 14:25:15,-,neu,ไม่สามารถระบุได้
633,เกด, - 7/15/2021 8:07:12,.,neu,ไม่สามารถระบุได้
641,อรนลิน, - 7/14/2021 18:10:57,_,neu,ไม่สามารถระบุได้
645,สกสก่กรกนก, - 7/14/2021 16:00:39,ากสนกยำสำ่,neu,ไม่สามารถระบุได้
647,s, - 7/14/2021 13:55:22,g,neu,ไม่สามารถระบุได้
648,Cat, - 7/14/2021 13:27:00,-,neu,ไม่สามารถระบุได้
649,-, - 7/14/2021 13:02:43,-,neu,ไม่สามารถระบุได้
651,1, - 7/14/2021 12:14:27,1,neu,ไม่สามารถระบุได้
654,-, - 7/14/2021 10:40:00,-,neu,ไม่สามารถระบุได้
660,ญาณิศา เกลาจีน, - 7/13/2021 23:00:14,-,neu,ไม่สามารถระบุได้
675,-, - 7/12/2021 23:14:04,-,neu,ไม่สามารถระบุได้
678,-, - 7/12/2021 20:03:52,-,neu,ไม่สามารถระบุได้
688,-, - 7/11/2021 23:55:04,-,neu,ไม่สามารถระบุได้
700,-, - 7/9/2021 18:48:28,-,neu,ไม่สามารถระบุได้
703,Nan, - 7/9/2021 15:55:59,-,neu,ไม่สามารถระบุได้
704,ก, - 7/9/2021 15:52:28,พ,neu,ไม่สามารถระบุได้
706,สุวรรณณี, - 7/9/2021 14:19:56,-,neu,ไม่สามารถระบุได้
707,หวานใจ, - 7/9/2021 14:08:12,-,neu,ไม่สามารถระบุได้
713,-, - 7/9/2021 8:33:46,-,neu,ไม่สามารถระบุได้
718,No., - 7/8/2021 15:58:03,No.,neu,ไม่สามารถระบุได้
10,พระสมชาย, - 6/26/2022 15:10:23,8.43ลงมาได้ว่า ผู้รับไม่อยู่ณจุดรับของ มาจริงเปล่า สายซักสายก็ไม่มี,neu,ระบบ
20,ถถถถถถถถถ, - 1/3/2022 16:38:21,ส่งพัสดุ?เอกสารตั่งแต่วันที่16ธันวาคม?ปลายทางมาเลเซีย?ถึงตอนนี้วันที่3มกราพัสดุก็ยังไม่ถึงตรวจสอบก็ไม่ได้ว่าอยู่ไหน,neu,ระบบ
23,จุ๋ม, - 12/17/2021 11:13:44,ทำไมเช็คพัสดุลงทะเบียนไม่ได้,neu,ระบบ
85,ศุภิสรา กตัญญู, - 9/3/2021 9:49:36,น่าจะมีบอกด้วยนะคะว่าจะได้พัสดุวันไหน,neu,ระบบ
86,ชุติมา 0867996575, - 9/3/2021 9:41:09,เช็คพัสดุตัวนี้แล้วไม่ขึ้นคะ0F137759260TH,neu,ระบบ
128,อัสมันทร์, - 8/29/2021 0:34:34,เช็คไม่ได้,neu,ระบบ
148,แล้วไง, - 8/27/2021 14:43:52,เช็คไม่ได้,neu,ระบบ
254,ฝ, - 8/16/2021 20:35:47,ยังไม่ไดเช็คเลย,neu,ระบบ
345,Nunidd, - 8/9/2021 7:29:31,ส่งด่วนแต่7 วันแล้วของยังไม่ถึงอีก คือไร,neu,ระบบ
346,อุ๊, - 8/7/2021 6:55:46,ตรวจสอบต้าทางธรรมดาได้จะดีมาก,neu,ระบบ
367,อุไรรัตน์ มะโนสร, - 8/5/2021 13:15:28,ไปส่งไปรษณีย์3วันแล้วของยังไม่ออกจากต้นทางเลย ช่วยทำงานกันให้ไวๆหน่อยเถอะ,neu,ระบบ
376,วิลุดา ทองล่อง, - 8/4/2021 19:12:18,ส่งพร้อมกันสองกล่องของถึงไปกล่องเดียวจะเช็คสถานะต้องมาทำแบบทดสอบอยู่,neu,ระบบ
385,จีราภรณ์, - 8/4/2021 13:08:15,ทำไมไม่แจ้งสาขาและจังหวัดด้วย,neu,ระบบ
386,สายน้ำ, - 8/4/2021 12:13:59,อยากให้ส่งได้ทุกจังหวัด,neu,ระบบ
411,วิรัญชนา ทับพุ่ม, - 8/2/2021 14:16:33,เช็คเลขไม่ได้ค่ะ,neu,ระบบ
421,., - 8/1/2021 12:50:44,ไม่มี,neu,ระบบ
487,สุวรรณี ศาลา, - 7/27/2021 8:42:39,เขียนจ่าหน้าซองไป รหัสไปรษณีย์  32120 แต่พนักงานใส่เป็น 73220,neu,ระบบ
502,ณัฐกานต์ , - 7/25/2021 17:40:06,ควรส่งของลงทะเบียนให้เร็วกว่านี้,neu,ระบบ
531,นวลขจร ผาตินันทิพงศ์, - 7/22/2021 13:02:44,น่าจะมีการโทรติดต่อผู้รับ ทั้งที่มีการระบุเบอร์ติดต่อไว้ให้,neu,ระบบ
532,พัชรินทร์, - 7/22/2021 13:00:12,check หาจากเลขที่ ส่งข้อความมาไม่เจอค่ะ จะให้คะแนนยังไงดีคะ,neu,ระบบ
554,เอ, - 7/19/2021 21:13:27,ต้องตอบคำถามก่อนหาพัสดุ,neu,ระบบ
556,นิว, - 7/19/2021 19:47:30,อยากเช็คของครับ,neu,ระบบ
603,Kunyaput, - 7/16/2021 10:12:48,แจ้งหน่อยค่ะส่ามาถึงรึยัง,neu,ระบบ
619,แอน, - 7/15/2021 16:01:30,เช็คยากจังค่ะ,neu,ระบบ
652,คุผณ แพท, - 7/14/2021 11:29:12,เช็คของยาก,neu,ระบบ
656,Gift, - 7/14/2021 7:30:21,ไม่มี,neu,ระบบ
668,ภูมิรพี, - 7/13/2021 11:58:57,เว็บเช็คพัสดุ ไม่เสถียร,neu,ระบบ
671,wanpa, - 7/13/2021 10:02:03,เว็บเช็คแทร็กช้ามาก,neu,ระบบ
673,พรไพลิน, - 7/13/2021 8:05:09,เช้คพัสดุไม่เคยได่เรยสักครั้งทำไมไม่ปรับปรุงคะ,neu,ระบบ
712,ณัฐกานต์, - 7/9/2021 10:37:32,เวปช้ากว่าจะโหลด,neu,ระบบ
142,ฆนพงษ์, - 8/27/2021 19:12:47,ถ้าเร็วจะดี,neu,ระยะเวลาขนส่ง
200,พรวลัย, - 8/23/2021 22:38:22,ส่งให้เร็วกว่านี้คะ,neu,ระยะเวลาขนส่ง
205,...., - 8/22/2021 14:23:24,รอทุกวัน,neu,ระยะเวลาขนส่ง
213,จีรนุช, - 8/21/2021 14:53:35,จะดีมากๆ ถ้ารับส่งให้ไวขึ้นค่ะ,neu,ระยะเวลาขนส่ง
279,กรกมล กนกกันฑพงษ์, - 8/13/2021 8:50:23,ช้านิดหน่อย แต่ก็ยังพอรับได้ค่ะ,neu,ระยะเวลาขนส่ง
304,สมปอง, - 8/11/2021 12:53:39,ของมาไวไว,neu,ระยะเวลาขนส่ง
453,ฟ้า, - 7/30/2021 10:40:51,ยังโหลดช้าไป,neu,ระยะเวลาขนส่ง
476,ประไพจิตร โภชน์พันธุ์, - 7/27/2021 15:32:53,ส่งจาก กทม.ไปยังผู้รับใน กทม.ควรได้รับภายใน3 วัน,neu,ระยะเวลาขนส่ง
518,กฤติยา, - 7/23/2021 14:22:00,ช้า,neu,ระยะเวลาขนส่ง
573,บุบผา, - 7/17/2021 15:32:23,เร็วบ้างช้าบ้างเข้าใจนะค่ะเพราะแต่ละท้องที่ไม่เหมือนกัน,neu,ระยะเวลาขนส่ง
655,นายพัฒนา พัฒนวัชรกุล, - 7/14/2021 9:23:56,การค้นหาทางโทรมือถือยังมีความล่าช้า,neu,ระยะเวลาขนส่ง
701,บ., - 7/9/2021 16:49:35,อาจจะมีค้างบ้างครับ,neu,ระยะเวลาขนส่ง
390,วรรณี ชูภู่, - 8/4/2021 6:24:40,อยากให้ลดค่าขนส่งลงบ้างค่ะ ช่วงวิกฤตค่าขนส่งแพง,neu,ราคาค่าขนส่ง
446,แอน, - 7/30/2021 17:35:38,คิดค่ากล่องก็พอ ค่าแพ็คของไม่ต้องคิด,neu,ราคาค่าขนส่ง
25,ธนาตย์ พลอุทัย, - 10/20/2021 15:17:14,ดีครับ,pos,การบริการ
31,mew, - 9/10/2021 14:02:32,ดีแล้ว,pos,การบริการ
40,นา, - 9/7/2021 9:29:00,ดี,pos,การบริการ
45,กมลทิพย์ , - 9/6/2021 15:40:46,ขนส่งดี,pos,การบริการ
51,วันงาม, - 9/6/2021 10:37:23,ดี,pos,การบริการ
56,เย็น, - 9/5/2021 14:31:12,ดี,pos,การบริการ
59,อ้อ, - 9/5/2021 10:47:34,ดี,pos,การบริการ
63,กำพล, - 9/4/2021 19:52:07,ดี,pos,การบริการ
65,แป๋ว, - 9/4/2021 18:42:16,ดี,pos,การบริการ
67,แจม, - 9/4/2021 16:18:19,ดี,pos,การบริการ
70,ชนาพร วิถีธรรมศักดิ์, - 9/4/2021 11:16:21,Good,pos,การบริการ
71,ชัยชนะ  จิราสาย, - 9/4/2021 11:06:37,ดีมาก,pos,การบริการ
75,ศรายุทธ, - 9/4/2021 9:13:34,ดี,pos,การบริการ
76,บวรรัตน์, - 9/3/2021 22:07:57,ดีค่ะ,pos,การบริการ
81,หน่อย, - 9/3/2021 14:28:04,ดีค่ะ,pos,การบริการ
100,เพชรชิตา เพ็ชรพิรุณ, - 9/1/2021 22:07:01,บริการดี,pos,การบริการ
103,นูรีฮัน, - 9/1/2021 14:54:11,ดีค่ะ,pos,การบริการ
104,นลินี, - 9/1/2021 14:43:36,ดีค่ะ,pos,การบริการ
105,สุวภัทร, - 9/1/2021 10:38:51,ดี,pos,การบริการ
116,เบล, - 8/30/2021 12:06:22,ดี,pos,การบริการ
120,ณธษา ทองอุ่น, - 8/30/2021 9:08:21,ดี,pos,การบริการ
123,ทวีศักดิ์ , - 8/29/2021 22:16:57,สุดยอดมากคับ,pos,การบริการ
125,ภูเบศ กันไพร, - 8/29/2021 18:00:51,ดี,pos,การบริการ
127,อัษฎาวุธ ประวัติวงษ์, - 8/29/2021 12:00:59,ดี,pos,การบริการ
138,ประทีป ทองจันทร์, - 8/28/2021 9:50:26,บริการดี,pos,การบริการ
151,เจมส์จุฬา, - 8/27/2021 14:09:27,ดี,pos,การบริการ
156,ดี, - 8/27/2021 11:58:28,ดี,pos,การบริการ
159,กรีน กวินทร, - 8/27/2021 10:29:32,ดี มาการโทรแจ้ง,pos,การบริการ
164,พี, - 8/26/2021 16:45:17,D,pos,การบริการ
171,หมิว, - 8/26/2021 13:10:08,ดี,pos,การบริการ
173,วาสนา เอี่ยมสะอาด, - 8/26/2021 12:57:35,ดีมาก,pos,การบริการ
180,ปัง, - 8/26/2021 8:30:55,ส่งดี,pos,การบริการ
186,บาส, - 8/25/2021 11:32:36,ดีเยี่ยม,pos,การบริการ
187,อารยา, - 8/25/2021 11:21:50,ดี,pos,การบริการ
189,D, - 8/25/2021 10:16:14,D,pos,การบริการ
190,ดี, - 8/25/2021 9:35:23,ดี,pos,การบริการ
198,โอเว่น , - 8/24/2021 8:48:36,เยี่ยม,pos,การบริการ
199,onjisa, - 8/24/2021 8:31:13,ดี,pos,การบริการ
208,นิชาภา, - 8/22/2021 13:01:30,ดีค่ะ,pos,การบริการ
211,สิรินดา  สมานสุข, - 8/22/2021 9:24:52,ดี,pos,การบริการ
219,Sirichai, - 8/21/2021 7:30:16,D,pos,การบริการ
220,ศุภรัตน์ กาศวิเศษ, - 8/20/2021 20:18:24,ส่งตรงทุกบ้าน,pos,การบริการ
223,นก, - 8/19/2021 23:08:29,ดี,pos,การบริการ
224,ศรชัย, - 8/19/2021 19:44:47,ดี,pos,การบริการ
227,Phak, - 8/19/2021 11:36:08,D,pos,การบริการ
236,วิรนันท์, - 8/18/2021 16:18:42,ดีค่ะ,pos,การบริการ
241,หัสดีนา แก้วศรี, - 8/18/2021 11:18:30,ส่งเร็ว,pos,การบริการ
242,Kik, - 8/18/2021 10:15:54,D,pos,การบริการ
245,ดี, - 8/18/2021 8:50:42,ดี,pos,การบริการ
249,อลิษา, - 8/17/2021 14:04:44,ดี,pos,การบริการ
255,แหวน, - 8/16/2021 19:41:21,ดี,pos,การบริการ
256,เต้ย, - 8/16/2021 18:51:34,ดี,pos,การบริการ
258,จิราภรณ์ ดีใจวงษ์, - 8/16/2021 16:39:06,ดีมากคะ,pos,การบริการ
261,วรภัทร ชูไชยศรี, - 8/15/2021 17:11:38,ดีมากคับการบริการ,pos,การบริการ
262,น.สณัฐณิชา วิริยะประภากร, - 8/15/2021 10:01:21,ดี,pos,การบริการ
263,แพท, - 8/14/2021 18:59:45,ดี,pos,การบริการ
267,บิวกิ้น, - 8/14/2021 11:09:43,ดี,pos,การบริการ
268,อิสราภรณ์, - 8/14/2021 9:09:23,ดี,pos,การบริการ
269,ข้าวหอม, - 8/13/2021 21:43:15,ดีมากคะ,pos,การบริการ
271,โสภิตา , - 8/13/2021 18:26:22,ดี,pos,การบริการ
272,Doungkamol, - 8/13/2021 18:19:24,บริการดี,pos,การบริการ
273,คาเลน, - 8/13/2021 17:34:03,ดี,pos,การบริการ
276,Will, - 8/13/2021 12:25:55,D,pos,การบริการ
277,สั้น, - 8/13/2021 10:10:57,ดีมาก,pos,การบริการ
280,Nuchsara0708@gmail.com?, - 8/13/2021 8:06:46,ดี,pos,การบริการ
282,นันทกร ตันยง, - 8/12/2021 22:02:51,เยียมมาก,pos,การบริการ
283,ทศพล, - 8/12/2021 19:44:38,ดี,pos,การบริการ
285,นฤมล ผลสมบัติ, - 8/12/2021 16:02:57,สะดวก,pos,การบริการ
286,นฤมล ผลสมบัติ, - 8/12/2021 16:01:42,สะดวก,pos,การบริการ
287,ดีเยียม, - 8/12/2021 15:20:34,ดี,pos,การบริการ
288,ดา, - 8/12/2021 14:54:48,ดีค่ะ,pos,การบริการ
289,นฤพนธ์, - 8/12/2021 14:23:20,D,pos,การบริการ
290,เกมส, - 8/12/2021 14:08:00,ดี,pos,การบริการ
302,กาน, - 8/11/2021 13:37:46,ดี,pos,การบริการ
305,ก, - 8/11/2021 12:48:45,ดี,pos,การบริการ
308, นวล, - 8/11/2021 8:39:19,ดี,pos,การบริการ
313,ใหม่, - 8/10/2021 21:39:54,ดี,pos,การบริการ
314,อังคณา, - 8/10/2021 21:21:05,ดี,pos,การบริการ
315,ป๊อบ, - 8/10/2021 20:38:46,ดี สะดวก ไม่ต้องโหลดเเอพ,pos,การบริการ
324,สุมามาลย์ หวังพิทักษ์, - 8/10/2021 11:40:25,ดีคะ,pos,การบริการ
330,มาย, - 8/9/2021 21:15:50,ดี,pos,การบริการ
331,พลอยไพลิน, - 8/9/2021 20:03:34,D,pos,การบริการ
332,ผม, - 8/9/2021 17:50:59,ดี,pos,การบริการ
336,นันทิ?ภาคย์?ศรี?กังวาน?ใจ?, - 8/9/2021 13:24:47,หน้าจะมีขอความส่งกลับมาที่หมายเลขโทรศัพท์มือถือ?ของผู้ส่งเมื่อพัสดุไปรษณีย์?ถึงผู้รับด้วยจะน่ารักมากที่สุด,pos,การบริการ
339,หวาน, - 8/9/2021 12:36:55,ดี,pos,การบริการ
343,Oil, - 8/9/2021 9:26:28,ดี,pos,การบริการ
351,อภิวัฒน์, - 8/6/2021 12:49:21,Ok,pos,การบริการ
356,ธีรวัฒน์, - 8/6/2021 0:02:25,ดี,pos,การบริการ
358,ดี, - 8/5/2021 22:48:49,ดี,pos,การบริการ
361,ณัฎฐรินี, - 8/5/2021 19:12:47,ดีค่ะ,pos,การบริการ
365,66ม.8ต.นาชา.อ.หลังสวน จ.ชุมพร, - 8/5/2021 14:25:02,บริการดีมากค่ะ,pos,การบริการ
369,วายุ สมจิตต์, - 8/5/2021 11:43:36,ส่งของดีมากคะ,pos,การบริการ
372,อั้ม, - 8/5/2021 9:04:22,ดีคะ,pos,การบริการ
375,พัชราภา, - 8/4/2021 21:17:30,ไปรษณีย์หนองเสือบริการดีมากๆค่ะ,pos,การบริการ
380,สุชาวลี, - 8/4/2021 15:05:35,ดีค่ะ,pos,การบริการ
388,ดีเยี่ยม, - 8/4/2021 9:30:37,ดี,pos,การบริการ
389,อรัญญา, - 8/4/2021 8:57:44,การขนส่งดีค่ะ,pos,การบริการ
395,เจน, - 8/3/2021 16:21:33,บริการดีมากคะ,pos,การบริการ
401,ไพลิน ตรีคลี, - 8/3/2021 10:52:48,ดีเยี่ยม,pos,การบริการ
402,ปุณณวิช, - 8/3/2021 10:42:00,ดี,pos,การบริการ
405,เล็ก, - 8/2/2021 20:22:52,ดี,pos,การบริการ
407,รุ่งนภา  หีดคีรี, - 8/2/2021 18:57:03,ดีค่ะ,pos,การบริการ
408,สาวิณี, - 8/2/2021 16:05:28,บริการดีคะ,pos,การบริการ
413,ดร, - 8/2/2021 12:35:21,ดี,pos,การบริการ
415,อู่ประกิต, - 8/2/2021 11:08:20,ดี,pos,การบริการ
416,สกลรัตน์ สวยสะอาก, - 8/2/2021 10:37:22,ดี,pos,การบริการ
418,สุรเชษฐ์, - 8/2/2021 9:49:23,ดี,pos,การบริการ
420,กันย์, - 8/1/2021 18:55:34,เยี่ยมค่ะ,pos,การบริการ
422,ศรัญญา, - 8/1/2021 11:28:08,ดีค่ะ,pos,การบริการ
423,มานะ, - 8/1/2021 10:40:34,ดี,pos,การบริการ
425,ดี, - 8/1/2021 8:30:04,บริการดี,pos,การบริการ
432,อนุชา, - 7/31/2021 14:48:53,ดีมาก,pos,การบริการ
434,นก, - 7/31/2021 12:47:32,ดี,pos,การบริการ
435,ธณัฐสินิภา ทาสุวรรณอินทร์ , - 7/31/2021 9:52:09,บริการดีค่ะ,pos,การบริการ
437,ชญานิศ, - 7/31/2021 8:25:19,ดี,pos,การบริการ
440,ไม่ทราบ, - 7/30/2021 21:52:26,ดี,pos,การบริการ
449,สุ, - 7/30/2021 15:01:24,บริการดี,pos,การบริการ
455,ดี, - 7/30/2021 10:18:48,ดี,pos,การบริการ
456,รสิตา, - 7/29/2021 20:22:11,ดี,pos,การบริการ
459,ปิยะพร?, - 7/29/2021 15:35:05,ดีค่ะ,pos,การบริการ
461,ปอน, - 7/29/2021 14:52:49,ดีเยี่ยม,pos,การบริการ
462,นันทิชา, - 7/29/2021 14:39:23,บริการดี,pos,การบริการ
464,อาม, - 7/29/2021 13:35:32,ดี,pos,การบริการ
470,รัชชุภร, - 7/28/2021 14:09:14,ดี,pos,การบริการ
472,เช็ก, - 7/28/2021 9:17:17,ดี,pos,การบริการ
477,ดี, - 7/27/2021 15:31:52,ดีมาก,pos,การบริการ
478,ภัทรานิษฐ์, - 7/27/2021 15:04:46,ดี,pos,การบริการ
479,ผึ้ง, - 7/27/2021 12:57:44,ดี,pos,การบริการ
480,luck, - 7/27/2021 12:51:18,d,pos,การบริการ
481,ปิยะรัตน์ สัจจา, - 7/27/2021 12:22:22,บริการดีค่ะ,pos,การบริการ
482,ผึ้ง, - 7/27/2021 12:14:46,ดีคะ,pos,การบริการ
486,เดีย, - 7/27/2021 10:22:45,ดีมาก,pos,การบริการ
489,First, - 7/26/2021 20:42:45,Good,pos,การบริการ
495,อมิตา, - 7/26/2021 11:15:54,บริการดี,pos,การบริการ
517,อาทิตยา ยอดแก้ว, - 7/23/2021 15:23:34,ดีอยู่,pos,การบริการ
523,นน, - 7/23/2021 9:15:53,??,pos,การบริการ
525,Nam, - 7/23/2021 6:50:49,??good,pos,การบริการ
527,นาย เป้, - 7/22/2021 16:33:17,ดีครับ,pos,การบริการ
529,เม, - 7/22/2021 14:46:31,ดี,pos,การบริการ
530,ประเมือง น้อยแล, - 7/22/2021 13:58:13,เร็ว ไว ดี,pos,การบริการ
536,Twvhsj, - 7/21/2021 21:19:40,Ok,pos,การบริการ
539,กอ, - 7/21/2021 20:41:57,ดี,pos,การบริการ
540,จตุรภัทร, - 7/21/2021 19:37:44,บริการดี,pos,การบริการ
541,กล้วย, - 7/21/2021 16:16:49,ดี,pos,การบริการ
548,อมรรัตน์, - 7/20/2021 14:05:02,ดีค่ะ,pos,การบริการ
549,โอ๋, - 7/20/2021 13:47:37,ดี,pos,การบริการ
551,ting, - 7/20/2021 11:08:14,ดี,pos,การบริการ
552,Cool, - 7/20/2021 9:55:40,Good,pos,การบริการ
553,อมรรัตน์, - 7/20/2021 9:25:51,ส่งเร็วมาก,pos,การบริการ
555,ดี, - 7/19/2021 19:51:00,ดี,pos,การบริการ
557,ดรีม, - 7/19/2021 18:34:54,ดีคะ,pos,การบริการ
558,เม, - 7/19/2021 15:56:23,ดี,pos,การบริการ
559,กานต์, - 7/19/2021 15:28:10,ดีมาก,pos,การบริการ
560,ซาลีฮา  ประศรี, - 7/19/2021 11:14:31,ดีค่ะ,pos,การบริการ
561,Harnsuek Thaewmor, - 7/19/2021 10:07:31,oK,pos,การบริการ
565,แซม, - 7/18/2021 12:51:57,ดีคับ,pos,การบริการ
567,บี, - 7/18/2021 10:17:02,บริการดี,pos,การบริการ
572,ไนท์, - 7/17/2021 16:17:15,ดี,pos,การบริการ
578,ศิรัฐชนากร, - 7/17/2021 10:28:48,บริการดี,pos,การบริการ
579,จันทร์ทิพย์, - 7/17/2021 9:28:39,บริการดี,pos,การบริการ
584,พรเทพ ปานอ่อน, - 7/16/2021 16:53:38,เยี่ยมยอด,pos,การบริการ
586,จุไรรัตน์ นิยมเดชา, - 7/16/2021 14:48:28,ประทับใจค่ะ,pos,การบริการ
589,ตูน, - 7/16/2021 14:01:31,บริการดีมาก,pos,การบริการ
590,สรัล, - 7/16/2021 13:51:44,ดีเยี่ยม,pos,การบริการ
591,APIWAT, - 7/16/2021 13:49:27,ดีแล้วครับ,pos,การบริการ
592,พัชรนันท์, - 7/16/2021 13:26:31,บริการที่ดี,pos,การบริการ
595,Yaminda, - 7/16/2021 12:31:46,ดีค่ะ,pos,การบริการ
605,แคท, - 7/16/2021 9:18:22,ส่งดีคะ,pos,การบริการ
609,เเก้วตา, - 7/15/2021 22:34:42,ดีมาก,pos,การบริการ
611,ญยรญา ศิโรทศ, - 7/15/2021 21:33:59,ดีแลค่ะ,pos,การบริการ
620,Teerawat, - 7/15/2021 15:43:52,ดี,pos,การบริการ
621,Daroonporn, - 7/15/2021 15:33:31,บริการดี  รวดเร็ว,pos,การบริการ
623,นิพนธ์?เพ็ชร?รัตน์?, - 7/15/2021 14:58:06,ดี,pos,การบริการ
626,ปุณย์จรีย์  ศิริสำราญ, - 7/15/2021 14:02:10,ดีมาก,pos,การบริการ
629,วอานนทื, - 7/15/2021 11:01:44,ดีคะ,pos,การบริการ
635,กาย, - 7/14/2021 23:42:42,ดีมาก,pos,การบริการ
639,แทม, - 7/14/2021 19:38:56,พอใจ,pos,การบริการ
657,นริศรา รุ่งศิริกุล, - 7/14/2021 5:45:01,ก็ดี,pos,การบริการ
661,ลอนสัน, - 7/13/2021 21:01:12,ใช้ได้,pos,การบริการ
665,j, - 7/13/2021 17:44:58,บริการดีค่ะ,pos,การบริการ
669,โอ, - 7/13/2021 11:34:53,ดี,pos,การบริการ
670,ภิญญาพัชญ์ สุดนิยาย, - 7/13/2021 11:05:53,ดีค่ะ,pos,การบริการ
680,นรเศรษฐ์, - 7/12/2021 18:18:47,ดี,pos,การบริการ
685,นาย, - 7/12/2021 12:13:59,ดี,pos,การบริการ
690,มนัชยา, - 7/11/2021 19:28:25,ดีมาก,pos,การบริการ
696,ศิริวัฒนา, - 7/10/2021 13:02:58,ดี,pos,การบริการ
699,เนม, - 7/9/2021 21:09:23,Good,pos,การบริการ
714,นายสุทัศชา ราชณรินทร์, - 7/9/2021 8:33:01,บริการดีเยี่ยมครับ,pos,การบริการ
716,TP, - 7/8/2021 19:19:00,D????????????????????????????????????????????????????,pos,การบริการ
717,Bom, - 7/8/2021 16:29:31,Dd,pos,การบริการ
34,Rita, - 9/7/2021 18:23:40,ไปรษณีย์ดีค่ะ ของไม่ค่อยยับเยิน,pos,ความปลอดภัยพัสดุ
458,สุวรรณ วงษ์ล้อ, - 7/29/2021 16:25:21,ส่งรวดเร็ว สินค้าปลอดภัยดี,pos,ความปลอดภัยพัสดุ
709,ก, - 7/9/2021 11:35:31,เรียบร้อย ไม่มีรอยแกะ,pos,ความปลอดภัยพัสดุ
152,เกรียงไกร เชิงวิวัฒน์กิจ, - 8/27/2021 13:34:59,เจ้าหน้าที่ไปรษณีย์บริการดี ของถึงเร็ว,pos,พนักงาน
297,วรวรรณ, - 8/11/2021 22:42:00,พนักงานบริการดี ส่งไว,pos,พนักงาน
309,ดนิตา, - 8/11/2021 6:00:23,เจ้าหน้าที่สุภาพ,pos,พนักงาน
363,สาวิตรี ศรีทอง, - 8/5/2021 17:09:44,พนักงานดูแลดีมากค่ะ,pos,พนักงาน
430,จรูญวิทย์, - 7/31/2021 19:43:55,สะดวกประหยัดเวลาได้เยอะ,pos,ระบบ
485,กฤษดา, - 7/27/2021 10:25:29,ตรวจสอบไว,pos,ระบบ
710,ทัศนีย์, - 7/9/2021 11:32:50,ได้รับข้อมูลเร็วดี,pos,ระบบ
35,วันเพ็ญ, - 9/7/2021 15:36:20,ไว,pos,ระยะเวลาขนส่ง
41,นพอนันต์, - 9/7/2021 8:13:57,เร็วดีครับ,pos,ระยะเวลาขนส่ง
140,ศาสตร์  ธรรมธนศาสตร์, - 8/27/2021 22:01:20,ส่งไว ทันใจ,pos,ระยะเวลาขนส่ง
145,ศิริพร เนื่องจำนงค์, - 8/27/2021 17:11:42,ดีค่ะขอบส่งเร็วทันใจค่ะ,pos,ระยะเวลาขนส่ง
146,วรรษมล แสนทวีสุข, - 8/27/2021 16:52:01,การขนส่งรวดเร็ว ทันใจ,pos,ระยะเวลาขนส่ง
162,รัตนกรานต์ สีมา, - 8/27/2021 8:17:09,ส่งของเร็วมาก,pos,ระยะเวลาขนส่ง
172,ธัญญพงศ์ ปิยะรัตน์, - 8/26/2021 13:06:36,นำส่งเร็ว,pos,ระยะเวลาขนส่ง
183,ซารีฟ๊ะ บือแน, - 8/25/2021 14:48:42,ส่งเร็ว,pos,ระยะเวลาขนส่ง
197,ขวัญใจ กลมกลาง, - 8/24/2021 13:53:17,รวดเร็วดีคะ,pos,ระยะเวลาขนส่ง
248,naat, - 8/17/2021 14:44:48,รวดเร็วดี,pos,ระยะเวลาขนส่ง
278,Gunyawree, - 8/13/2021 9:56:24,รวดเร็ว,pos,ระยะเวลาขนส่ง
291,กบ, - 8/12/2021 11:35:38,ส่งรวดเร็ว,pos,ระยะเวลาขนส่ง
403,ปุณณวิช, - 8/3/2021 10:38:59,เร็ว,pos,ระยะเวลาขนส่ง
410,กนกกร, - 8/2/2021 15:29:48,ส่งไว ตรวจสอบง่าย,pos,ระยะเวลาขนส่ง
511,ดรีม, - 7/24/2021 11:41:52,มาส่งไว,pos,ระยะเวลาขนส่ง
533,พลอยนิสา, - 7/22/2021 12:28:37,ดี,pos,ระยะเวลาขนส่ง
550,ธัญชนก, - 7/20/2021 11:17:08,รวดเร็วมากค่ะ,pos,ระยะเวลาขนส่ง
593,นางสาวนพมาส ต่วนเครือ, - 7/16/2021 13:23:00,ถือว่าส่งเร็วดีค่ะ ส่งแบบธรรมดา2วันถึง,pos,ระยะเวลาขนส่ง
616,สมพร, - 7/15/2021 16:41:30,ชอบๆเร็วดี,pos,ระยะเวลาขนส่ง
638,เอลี่, - 7/14/2021 21:08:30,ไวดีค่ะ,pos,ระยะเวลาขนส่ง
666,สมัชญา นิยม, - 7/13/2021 16:39:50,ส่งไวค่ะ,pos,ระยะเวลาขนส่ง
698,พัชรภร จันทรประดิษ, - 7/10/2021 10:04:44,รวดเร็ว,pos,ระยะเวลาขนส่ง
715,คนอร์, - 7/9/2021 7:49:35,รวดเร็วดีค่ะ,pos,ระยะเวลาขนส่ง
628,พรรณนิภา ไพโรจน์, - 7/15/2021 11:27:32,ส่งได้รวดเร็วดีและราคาประหยัด,pos,ราคาค่าขนส่ง
